<?xml version="1.0" encoding="UTF-8"?>
<beans xmlns="http://www.springframework.org/schema/beans" 
xmlns:xsi="http://www.w3.org/2001/XMLSchema-instance" 
xmlns:aop="http://www.springframework.org/schema/aop" 
xsi:schemaLocation="http://www.springframework.org/schema/beans 
http://www.springframework.org/schema/beans/spring-beans-4.1.xsd
http://www.springframework.org/schema/aop
http://www.springframework.org/schema/aop/spring-aop-4.1.xsd">

 
    <bean id="stringBean" class="com.springtest.StringOperations" />  
    <bean id="stringAspectBean" class="com.springtest.StringAspect" />
    
    <aop:config>     
	    <aop:aspect id="sBean" ref="stringAspectBean" >        
		    <aop:pointcut id="getException"   expression="execution(* com.springtest.StringOperations.*(..))" />        
		    <aop:after-throwing method="getExcep" pointcut-ref="getException" throwing="ex" />     
	    </aop:aspect>   
    </aop:config>   
    
    
    
    
    
    
    <bean id="addtovectorandlistBean" class="com.springtest.AddToVectorAndList" />  
    <bean id="addtovectorandlistAspectBean" class="com.springtest.AddToVectorAndListAspect" />
    
    <bean id="userBean" class="com.springtest.UserHandler" />  
    <bean id="userAspectBean" class="com.springtest.UserAspect" />
    
   <bean class="org.springframework.aop.aspectj.annotation.AnnotationAwareAspectJAutoProxyCreator" />  
    	







<!-- 
    <bean id="arithmeticOprAspectBean" class="com.spring.aop.ArithmeticOprAspect" />
   


<aop:config>  
  <aop:aspect id="myaspect" ref="arithmeticAspectBean" >  
     <aop:pointcut id="pointCutBefore"   
         expression="execution(* com.spring.aop.Arithmetic.divide(..))" />  
     <aop:before method="checkParameters" pointcut-ref="pointCutBefore" />  
  </aop:aspect>  

  <aop:aspect id="myArithAspect" ref="arithmeticOprAspectBean" >  
     <aop:pointcut id="arith_pc"   
         expression="execution(* Arithmetic.divide(..))" />  
	 <aop:after-throwing method="afterThrowingDivide" 
	     pointcut-ref="arith_pc"/>        
  </aop:aspect>

</aop:config>  
 --> 




     
</beans>