<?xml version='1.0' encoding='UTF-8'?>
<!DOCTYPE hibernate-configuration PUBLIC
          "-//Hibernate/Hibernate Configuration DTD 3.0//EN"
          "http://hibernate.sourceforge.net/hibernate-configuration-3.0.dtd">	

<hibernate-configuration>

<session-factory>
		<!-- <property name="connection.driver_class">oracle.jdbc.driver.OracleDriver</property>
		<property name="connection.url">jdbc:oracle:thin:@localhost:1521:xe</property>
		<property name="connection.username">system</property>
		<property name="connection.password">rajo123</property> -->

		<property name="dialect">org.hibernate.dialect.OracleDialect</property>
		<property name="show_sql">true</property>
		<property name="hbm2ddl.auto">update</property>

		
		<mapping class="com.springmongo.entity.User"/>
		<mapping class="com.springmongo.collection.UserLoginCollection"/>
		<mapping class="com.springmongo.collection.ItemCollection"/>
		<mapping class="com.springmongo.collection.ActionCollection"/>
		<mapping class="com.springmongo.entity.Advertisement"/>
		<mapping class="com.springmongo.entity.SendMessage"/>
		<mapping class="com.springmongo.entity.DateConditions"/>
		<!-- transactional|read-write|nonstrict-read-write|read-only -->
		<!-- <class-cache usage="read-write" class="com.springtest.hibernate.entity.Product"/> -->

</session-factory>

</hibernate-configuration>
