<beans xmlns="http://www.springframework.org/schema/beans"
xmlns:xsi="http://www.w3.org/2001/XMLSchema-instance"
xmlns:mongo="http://www.springframework.org/schema/data/mongo"
xsi:schemaLocation="http://www.springframework.org/schema/beans
http://www.springframework.org/schema/beans/spring-beans-2.5.xsd
http://www.springframework.org/schema/data/mongo
http://www.springframework.org/schema/data/mongo/spring-mongo-1.0.xsd">

<bean id="dataSource" class="org.springframework.jdbc.datasource.DriverManagerDataSource">
    <property name="driverClassName" value="com.mysql.jdbc.Driver"/>
    <property name="url" value="jdbc:mysql://localhost:2407/iwantthat"/>
    <property name="username" value="root"/>
    <property name="password" value="rajo123"/>
</bean>
 

<bean id="sessionFactory"
    class="org.springframework.orm.hibernate5.LocalSessionFactoryBean">
    <property name="dataSource" ref="dataSource" />
    <property name="configLocation" value="classpath:hibernate.cfg.xml" />
</bean>


<bean id="userDao" class="com.springmongo.dao.UserDaoImplementation">
	<property name="sessionFactory" ref="sessionFactory"></property>
</bean>	

<mongo:mongo host="localhost" port="27017" />
	<mongo:db-factory dbname="advertisement" />
	<bean id="userService" class="com.springmongo.service.UserServiceImplementation"></bean>
<!-- 	<bean id="userDao" class="com.springmongo.dao.UserDaoImplementation"></bean> -->
	<bean id="itemDao" class="com.springmongo.dao.ItemDaoImplementation">
	<property name="sessionFactory" ref="sessionFactory"></property>
	</bean>	
	<bean id="itemService" class="com.springmongo.service.ItemServiceImplementation"></bean>
	<!-- <bean id="itemDao" class="com.springmongo.dao.ItemDaoImplementation"></bean> -->
	
	<bean id="actionDao" class="com.springmongo.dao.ActionDaoImplementation">
	<property name="sessionFactory" ref="sessionFactory"></property>
	</bean>	
	<bean id="actionService" class="com.springmongo.service.ActionServiceImplementation"></bean>
	<!-- <bean id="actionDao" class="com.springmongo.dao.ActionDaoImplementation"></bean> -->
	
	<bean id="advertisementDao" class="com.springmongo.dao.AdvertisementDaoImplementation">
	<property name="sessionFactory" ref="sessionFactory"></property>
	</bean>
	<bean id="advertisementService" class="com.springmongo.service.AdvertisementServiceImplementation"></bean>
<!-- 	<bean id="advertisementDao" class="com.springmongo.dao.AdvertisementDaoImplementation"></bean> -->
	
</beans>