<?xml version='1.0' encoding='UTF-8'?>
<!DOCTYPE hibernate-configuration PUBLIC
          "-//Hibernate/Hibernate Configuration DTD 3.0//EN"
          "http://hibernate.sourceforge.net/hibernate-configuration-3.0.dtd">	

<hibernate-configuration>


<session-factory>
        <property name="hibernate.bytecode.use_reflection_optimizer">false</property>       
        <property name="hibernate.dialect">org.hibernate.dialect.MySQLDialect</property>
        <property name="show_sql">true</property>
        <property name="hbm2ddl.auto">update</property>
        <mapping class="com.springmongo.entity.User"/>
		<mapping class="com.springmongo.collection.UserLoginCollection"/>
		<mapping class="com.springmongo.collection.ItemCollection"/>
		<mapping class="com.springmongo.collection.ActionCollection"/>
		<mapping class="com.springmongo.entity.Advertisement"/>
		<mapping class="com.springmongo.entity.SendMessage"/>
		<mapping class="com.springmongo.entity.DateConditions"/>
</session-factory>



</hibernate-configuration>
