<?xml version="1.0" encoding="UTF-8"?>
<beans xmlns="http://www.springframework.org/schema/beans" 
xmlns:xsi="http://www.w3.org/2001/XMLSchema-instance" 
xmlns:context="http://www.springframework.org/schema/context"
xsi:schemaLocation="http://www.springframework.org/schema/beans 
http://www.springframework.org/schema/beans/spring-beans-4.1.xsd
http://www.springframework.org/schema/context
http://www.springframework.org/schema/context/spring-context-4.2.xsd">

	<!-- Enable Annotation based configuration -->
	<context:annotation-config />
	<bean id="itemTv" class="com.springtest.Item">
		<property name="name" value="Videocon"/>
		<property name="price" value="1000"/>
	</bean>
	<bean id="itemAc" class="com.springtest.Item">
		<property name="name" value="LG"/>
		<property name="price" value="5000"/>
	</bean>
	<bean id="itemBox" class="com.springtest.Item">
		<property name="name" value="Cart"/>
		<property name="price" value="750"/>
	</bean>

	<bean id="firstOrder" class="com.springtest.Order">
		<property name="name" value="TV"/>
		<property name="item" ref="itemTv"/>
	</bean>
	<bean id="secondOrder" class="com.springtest.Order">
		<property name="name" value="AC"/>
		<property name="item" ref="itemAc"/>
	</bean>
	<bean id="thirdOrder" class="com.springtest.Order">
		<property name="name" value="Box"/>
		<property name="item" ref="itemBox"/>
	</bean>

</beans>



