<?xml version="1.0" encoding="UTF-8"?>
<beans xmlns="http://www.springframework.org/schema/beans" 
xmlns:xsi="http://www.w3.org/2001/XMLSchema-instance" 
xmlns:context="http://www.springframework.org/schema/context"
xsi:schemaLocation="http://www.springframework.org/schema/beans 
http://www.springframework.org/schema/beans/spring-beans-4.1.xsd
http://www.springframework.org/schema/context
http://www.springframework.org/schema/context/spring-context-4.2.xsd">

	<!-- Enable Annotation based configuration -->
	<context:annotation-config />
	<bean id="dept1" class="com.springtest.Department">
		<property name="name" value="HR"/>
	</bean>
	<bean id="dept2" class="com.springtest.Department">
		<property name="name" value="TRAINING"/>
	</bean>
	<bean id="dname" class="com.springtest.Department">
		<property name="name" value="DEVELOPMENT"/>
	</bean>
	<bean id="dept3" class="com.springtest.Department">
		<property name="name" value="SALES"/>
	</bean> 
	

	<bean id="A" class="com.springtest.Employee" autowire="constructor">
		<property name="name" value="A"/>
	</bean>
	<bean id="B" class="com.springtest.Employee" autowire="constructor">
		<property name="name" value="B"/>
	</bean>
	<bean id="C" class="com.springtest.Employee" autowire="constructor">
		<property name="name" value="C"/>
	</bean>

</beans>



